{
  "title": "Hackmaster 4th Edition",
  "description": "Support for Hackmaster 4e rules within the OSRIC system.",
  "authors": [
    {
      "name": "Sterno",
      "discord": "Sterno#8208",
      "flags": {}
    }
  ],
  "socket": true,
  "url": "https://github.com/drplote/fvtt-hackmaster-4e",
  "readme": "https://github.com/drplote/fvtt-hackmaster-4e/raw/main/README.md",
  "version": "1.3.5",
  "esmodules": [
    "scripts/hackmaster4e.js"
  ],
  "styles": [
    "css/hackmaster.css"
  ],
  "manifest": "https://github.com/drplote/fvtt-hackmaster-4e/releases/latest/download/module.json",
  "download": "https://github.com/drplote/fvtt-hackmaster-4e/releases/download/1.3.4/module.zip",
  "id": "hackmaster-4e",
  "relationships": {
    "systems": [
      {
        "id": "ars",
        "type": "system",
        "compatibility": {}
      }
    ],
    "requires": [
      {
        "id": "lib-wrapper",
        "type": "module",
        "manifest": "https://github.com/ruipin/fvtt-lib-wrapper/releases/latest/download/module.json"
      }
    ]
  },
  "compatibility": {
    "minimum": "11",
    "verified": "11"
  }
}
