{
  "id": "ars",
  "title": "Advanced Roleplaying System (ARS)",
  "description": "System for playing OSRIC or other classic advanced roleplay games in FoundryVTT",
  "version": "2024.11.02",
  "esmodules": ["module/ars.js"],
  "styles": [
    "ars.css",
    "https://cdnjs.cloudflare.com/ajax/libs/codemirror/5.65.5/codemirror.min.css"
  ],
  "scripts": [
    "https://cdnjs.cloudflare.com/ajax/libs/codemirror/5.65.5/codemirror.min.js",
    "https://cdnjs.cloudflare.com/ajax/libs/codemirror/5.65.5/mode/javascript/javascript.min.js",
    "https://cdnjs.cloudflare.com/ajax/libs/js-beautify/1.14.0/beautify.min.js"
  ],
  "socket": true,
  "background": "systems/ars/assets/system/tileset.jpg",
  "grid": {
    "units": "ft",
    "distance": 10,
    "diagonals": 0
  },
  "primaryTokenAttribute": "attributes.hp",
  "secondaryTokenAttribute": "attributes.ac",
  "initiative": "1d10",
  "url": "https://gitlab.com/foundryprojects/systems/advanced-roleplay-system",
  "bugs": "https://gitlab.com/foundryprojects/systems/advanced-roleplay-system/-/issues",
  "manifest": "https://github.com/adndmike/advanced-roleplay-system/releases/latest/download/system.json",
  "download": "https://github.com/adndmike/advanced-roleplay-system/releases/download/2024.11.02/ars-v2024.11.02.zip",
  "license": "LICENSE.md",
  "compatibility": {
    "minimum": "12",
    "verified": "12.331"
  },
  "authors": [
    {
      "name": "ADnD Mike",
      "email": "adnd.mike@gmail.com",
      "discord": "Celestian#0854",
      "flags": {}
    },
    {
      "name": "SpencerG",
      "email": "spencergresoro@gmail.com",
      "flags": {}
    }
  ],
  "languages": [
    {
      "lang": "en",
      "name": "English",
      "path": "lang/en.json",
      "flags": {}
    }
  ],
  "media": [
    {
      "type": "cover",
      "url": "systems/ars/assets/system/tileset.jpg"
    },
    {
      "type": "setup",
      "url": "systems/ars/assets/system/tileset.jpg"
    }
  ],
  "packs": [
    {
      "name": "ruleset-documentation",
      "label": "Ruleset Documentation",
      "system": "ars",
      "path": "packs/ruleset-documentation",
      "type": "JournalEntry",
      "banner": "",
      "flags": {},
      "ownership": {
        "PLAYER": "OBSERVER",
        "ASSISTANT": "OWNER"
      }
    }
  ],
  "relationships": {
    "recommends": [
      {
        "id": "osric-compendium",
        "type": "module",
        "compatibility": {
          "minimum": "2024.06.13",
          "verified": "2024.06.13"
        }
      }
    ]
  }
}